text,favorited,favoriteCount,truncated,retweetCount,isRetweet,retweeted,longitude,latitude
Still think the #flu shot is safe? Ask the family of this father who is now on life support because of it. https://t.co/Râ€_,FALSE,0,FALSE,249,TRUE,FALSE,NA,NA
Still think the #flu shot is safe? Ask the family of this father who is now on life support because of it. https://t.co/Râ€_,FALSE,0,FALSE,249,TRUE,FALSE,NA,NA
Still think the #flu shot is safe? Ask the family of this father who is now on life support because of it. https://t.co/Râ€_,FALSE,0,FALSE,249,TRUE,FALSE,NA,NA
Still think the #flu shot is safe? Ask the family of this father who is now on life support because of it. https://t.co/Râ€_,FALSE,0,FALSE,249,TRUE,FALSE,NA,NA
Still think the #flu shot is safe? Ask the family of this father who is now on life support because of it. https://t.co/Râ€_,FALSE,0,FALSE,249,TRUE,FALSE,NA,NA
Still think the #flu shot is safe? Ask the family of this father who is now on life support because of it. https://t.co/Râ€_,FALSE,0,FALSE,249,TRUE,FALSE,NA,NA
Finland proposes child benefits be tied to vaccine requirements  https://t.co/mNrBDoq7jF via @HealthWatch12â€_,FALSE,0,FALSE,31,TRUE,FALSE,NA,NA
Still think the #flu shot is safe? Ask the family of this father who is now on life support because of it. https://t.co/Râ€_,FALSE,0,FALSE,249,TRUE,FALSE,NA,NA
Still think the #flu shot is safe? Ask the family of this father who is now on life support because of it. https://t.co/Râ€_,FALSE,0,FALSE,249,TRUE,FALSE,NA,NA
#AntiVax movement believes a lot of nonsense; this is the first time Iâ€™ve heard doctors worldwide banded together to killâ€_,FALSE,0,FALSE,12,TRUE,FALSE,NA,NA
Still think the #flu shot is safe? Ask the family of this father who is now on life support because of it. https://t.co/Râ€_,FALSE,0,FALSE,249,TRUE,FALSE,NA,NA
#AntiVax physician finds new life defending child abusers.  Whatâ€™s disturbing is that he isnâ€™t the only one.  Inhumâ€_ https://t.co/HNIsvCy0Of,FALSE,0,TRUE,0,FALSE,FALSE,NA,NA
Still think the #flu shot is safe? Ask the family of this father who is now on life support because of it. https://t.co/Râ€_,FALSE,0,FALSE,249,TRUE,FALSE,NA,NA
Still think the #flu shot is safe? Ask the family of this father who is now on life support because of it. https://t.co/Râ€_,FALSE,0,FALSE,249,TRUE,FALSE,NA,NA
Still think the #flu shot is safe? Ask the family of this father who is now on life support because of it. https://t.co/Râ€_,FALSE,0,FALSE,249,TRUE,FALSE,NA,NA
Still think the #flu shot is safe? Ask the family of this father who is now on life support because of it. https://t.co/Râ€_,FALSE,0,FALSE,249,TRUE,FALSE,NA,NA
RFK Jr. wins case against U.S. government for vaccine safety violations. https://t.co/gZbIs5xqpu #vaccines #antivax #healâ€_,FALSE,0,FALSE,191,TRUE,FALSE,NA,NA
Still think the #flu shot is safe? Ask the family of this father who is now on life support because of it. https://t.co/Râ€_,FALSE,0,FALSE,249,TRUE,FALSE,NA,NA
Still think the #flu shot is safe? Ask the family of this father who is now on life support because of it. https://t.co/Râ€_,FALSE,0,FALSE,249,TRUE,FALSE,NA,NA
"Can't really overdo this infographic, IMHO. #antivax #antivaxxers #publichealth https://t.co/pgOyu7LhUW",FALSE,0,FALSE,1,TRUE,FALSE,NA,NA
"Research shows that the vast majority of Pediatricians continue to see families that don't vaccinate their children, despâ€_",FALSE,0,FALSE,2,TRUE,FALSE,NA,NA
"Can't really overdo this infographic, IMHO. #antivax #antivaxxers #publichealth https://t.co/pgOyu7LhUW",FALSE,7,FALSE,1,FALSE,FALSE,NA,NA
Still think the #flu shot is safe? Ask the family of this father who is now on life support because of it. https://t.co/Râ€_,FALSE,0,FALSE,249,TRUE,FALSE,NA,NA
Still think the #flu shot is safe? Ask the family of this father who is now on life support because of it. https://t.co/Râ€_,FALSE,0,FALSE,249,TRUE,FALSE,NA,NA
So true #antivax https://t.co/Uoq04SguK6,FALSE,0,FALSE,0,FALSE,FALSE,NA,NA
Still think the #flu shot is safe? Ask the family of this father who is now on life support because of it. https://t.co/Râ€_,FALSE,0,FALSE,249,TRUE,FALSE,NA,NA
Still think the #flu shot is safe? Ask the family of this father who is now on life support because of it. https://t.co/Râ€_,FALSE,0,FALSE,249,TRUE,FALSE,NA,NA
Still think the #flu shot is safe? Ask the family of this father who is now on life support because of it. https://t.co/Râ€_,FALSE,0,FALSE,249,TRUE,FALSE,NA,NA
Still think the #flu shot is safe? Ask the family of this father who is now on life support because of it. https://t.co/Râ€_,FALSE,0,FALSE,249,TRUE,FALSE,NA,NA
Finland proposes child benefits be tied to vaccine requirements  https://t.co/mNrBDoq7jF via @HealthWatch12â€_,FALSE,0,FALSE,31,TRUE,FALSE,NA,NA
Still think the #flu shot is safe? Ask the family of this father who is now on life support because of it. https://t.co/Râ€_,FALSE,0,FALSE,249,TRUE,FALSE,NA,NA
Still think the #flu shot is safe? Ask the family of this father who is now on life support because of it. https://t.co/Râ€_,FALSE,0,FALSE,249,TRUE,FALSE,NA,NA
Still think the #flu shot is safe? Ask the family of this father who is now on life support because of it. https://t.co/Râ€_,FALSE,0,FALSE,249,TRUE,FALSE,NA,NA
#AntiVax movement believes a lot of nonsense; this is the first time Iâ€™ve heard doctors worldwide banded together to killâ€_,FALSE,0,FALSE,12,TRUE,FALSE,NA,NA
Still think the #flu shot is safe? Ask the family of this father who is now on life support because of it. https://t.co/Râ€_,FALSE,0,FALSE,249,TRUE,FALSE,NA,NA
Still think the #flu shot is safe? Ask the family of this father who is now on life support because of it. https://t.co/Râ€_,FALSE,0,FALSE,249,TRUE,FALSE,NA,NA
#AntiVax movement believes a lot of nonsense; this is the first time Iâ€™ve heard doctors worldwide banded together to killâ€_,FALSE,0,FALSE,12,TRUE,FALSE,NA,NA
Still think the #flu shot is safe? Ask the family of this father who is now on life support because of it. https://t.co/Râ€_,FALSE,0,FALSE,249,TRUE,FALSE,NA,NA
Still think the #flu shot is safe? Ask the family of this father who is now on life support because of it. https://t.co/Râ€_,FALSE,0,FALSE,249,TRUE,FALSE,NA,NA
ICYMI - Roundup: US #LifeExpectancy drops for 3rd year; number of uninsured kids on rise again; steep drops in insâ€_,FALSE,0,FALSE,2,TRUE,FALSE,NA,NA
Still think the #flu shot is safe? Ask the family of this father who is now on life support because of it. https://t.co/Râ€_,FALSE,0,FALSE,249,TRUE,FALSE,NA,NA
Still think the #flu shot is safe? Ask the family of this father who is now on life support because of it. https://t.co/Râ€_,FALSE,0,FALSE,249,TRUE,FALSE,NA,NA
Still think the #flu shot is safe? Ask the family of this father who is now on life support because of it. https://t.co/Râ€_,FALSE,0,FALSE,249,TRUE,FALSE,NA,NA
"Research shows that the vast majority of Pediatricians continue to see families that don't vaccinate their children, despâ€_",FALSE,0,FALSE,2,TRUE,FALSE,NA,NA
Still think the #flu shot is safe? Ask the family of this father who is now on life support because of it. https://t.co/Râ€_,FALSE,0,FALSE,249,TRUE,FALSE,NA,NA
Still think the #flu shot is safe? Ask the family of this father who is now on life support because of it. https://t.co/Râ€_,FALSE,0,FALSE,249,TRUE,FALSE,NA,NA
Still think the #flu shot is safe? Ask the family of this father who is now on life support because of it. https://t.co/Râ€_,FALSE,0,FALSE,249,TRUE,FALSE,NA,NA
Still think the #flu shot is safe? Ask the family of this father who is now on life support because of it. https://t.co/Râ€_,FALSE,0,FALSE,249,TRUE,FALSE,NA,NA
Still think the #flu shot is safe? Ask the family of this father who is now on life support because of it. https://t.co/Râ€_,FALSE,0,FALSE,249,TRUE,FALSE,NA,NA
Still think the #flu shot is safe? Ask the family of this father who is now on life support because of it. https://t.co/Râ€_,FALSE,0,FALSE,249,TRUE,FALSE,NA,NA
Still think the #flu shot is safe? Ask the family of this father who is now on life support because of it. https://t.co/Râ€_,FALSE,0,FALSE,249,TRUE,FALSE,NA,NA
Still think the #flu shot is safe? Ask the family of this father who is now on life support because of it. https://t.co/Râ€_,FALSE,0,FALSE,249,TRUE,FALSE,NA,NA
Still think the #flu shot is safe? Ask the family of this father who is now on life support because of it. https://t.co/Râ€_,FALSE,0,FALSE,249,TRUE,FALSE,NA,NA
Finland proposes child benefits be tied to vaccine requirements  https://t.co/mNrBDoq7jF via @HealthWatch12â€_,FALSE,0,FALSE,31,TRUE,FALSE,NA,NA
Still think the #flu shot is safe? Ask the family of this father who is now on life support because of it. https://t.co/Râ€_,FALSE,0,FALSE,249,TRUE,FALSE,NA,NA
Still think the #flu shot is safe? Ask the family of this father who is now on life support because of it. https://t.co/Râ€_,FALSE,0,FALSE,249,TRUE,FALSE,NA,NA
Still think the #flu shot is safe? Ask the family of this father who is now on life support because of it. https://t.co/Râ€_,FALSE,0,FALSE,249,TRUE,FALSE,NA,NA
Still think the #flu shot is safe? Ask the family of this father who is now on life support because of it. https://t.co/Râ€_,FALSE,0,FALSE,249,TRUE,FALSE,NA,NA
Still think the #flu shot is safe? Ask the family of this father who is now on life support because of it. https://t.co/Râ€_,FALSE,0,FALSE,249,TRUE,FALSE,NA,NA
Finland proposes child benefits be tied to vaccine requirements  https://t.co/mNrBDoq7jF via @HealthWatch12â€_,FALSE,0,FALSE,31,TRUE,FALSE,NA,NA
#AntiVax movement believes a lot of nonsense; this is the first time Iâ€™ve heard doctors worldwide banded together to killâ€_,FALSE,0,FALSE,12,TRUE,FALSE,NA,NA
Finland proposes child benefits be tied to vaccine requirements  https://t.co/mNrBDoq7jF via @HealthWatch12â€_,FALSE,0,FALSE,31,TRUE,FALSE,NA,NA
Finland proposes child benefits be tied to vaccine requirements  https://t.co/mNrBDoq7jF via @HealthWatch12â€_,FALSE,0,FALSE,31,TRUE,FALSE,NA,NA
Finland proposes child benefits be tied to vaccine requirements  https://t.co/mNrBDoq7jF via @HealthWatch12â€_,FALSE,0,FALSE,31,TRUE,FALSE,NA,NA
Still think the #flu shot is safe? Ask the family of this father who is now on life support because of it. https://t.co/Râ€_,FALSE,0,FALSE,249,TRUE,FALSE,NA,NA
Still think the #flu shot is safe? Ask the family of this father who is now on life support because of it. https://t.co/Râ€_,FALSE,0,FALSE,249,TRUE,FALSE,NA,NA
Still think the #flu shot is safe? Ask the family of this father who is now on life support because of it. https://t.co/Râ€_,FALSE,0,FALSE,249,TRUE,FALSE,NA,NA
Still think the #flu shot is safe? Ask the family of this father who is now on life support because of it. https://t.co/Râ€_,FALSE,0,FALSE,249,TRUE,FALSE,NA,NA
Still think the #flu shot is safe? Ask the family of this father who is now on life support because of it. https://t.co/Râ€_,FALSE,0,FALSE,249,TRUE,FALSE,NA,NA
Still think the #flu shot is safe? Ask the family of this father who is now on life support because of it. https://t.co/Râ€_,FALSE,0,FALSE,249,TRUE,FALSE,NA,NA
Still think the #flu shot is safe? Ask the family of this father who is now on life support because of it. https://t.co/Râ€_,FALSE,0,FALSE,249,TRUE,FALSE,NA,NA
Still think the #flu shot is safe? Ask the family of this father who is now on life support because of it. https://t.co/Râ€_,FALSE,0,FALSE,249,TRUE,FALSE,NA,NA
Still think the #flu shot is safe? Ask the family of this father who is now on life support because of it. https://t.co/Râ€_,FALSE,0,FALSE,249,TRUE,FALSE,NA,NA
Still think the #flu shot is safe? Ask the family of this father who is now on life support because of it. https://t.co/Râ€_,FALSE,0,FALSE,249,TRUE,FALSE,NA,NA
Still think the #flu shot is safe? Ask the family of this father who is now on life support because of it. https://t.co/Râ€_,FALSE,0,FALSE,249,TRUE,FALSE,NA,NA
Finland proposes child benefits be tied to vaccine requirements  https://t.co/mNrBDoq7jF via @HealthWatch12â€_,FALSE,0,FALSE,31,TRUE,FALSE,NA,NA
Still think the #flu shot is safe? Ask the family of this father who is now on life support because of it. https://t.co/Râ€_,FALSE,0,FALSE,249,TRUE,FALSE,NA,NA
Still think the #flu shot is safe? Ask the family of this father who is now on life support because of it. https://t.co/Râ€_,FALSE,0,FALSE,249,TRUE,FALSE,NA,NA
Still think the #flu shot is safe? Ask the family of this father who is now on life support because of it. https://t.co/Râ€_,FALSE,0,FALSE,249,TRUE,FALSE,NA,NA
Still think the #flu shot is safe? Ask the family of this father who is now on life support because of it. https://t.co/Râ€_,FALSE,0,FALSE,249,TRUE,FALSE,NA,NA
Still think the #flu shot is safe? Ask the family of this father who is now on life support because of it. https://t.co/Râ€_,FALSE,0,FALSE,249,TRUE,FALSE,NA,NA
Still think the #flu shot is safe? Ask the family of this father who is now on life support because of it. https://t.co/Râ€_,FALSE,0,FALSE,249,TRUE,FALSE,NA,NA
Still think the #flu shot is safe? Ask the family of this father who is now on life support because of it. https://t.co/Râ€_,FALSE,0,FALSE,249,TRUE,FALSE,NA,NA
Still think the #flu shot is safe? Ask the family of this father who is now on life support because of it. https://t.co/Râ€_,FALSE,0,FALSE,249,TRUE,FALSE,NA,NA
Still think the #flu shot is safe? Ask the family of this father who is now on life support because of it. https://t.co/Râ€_,FALSE,0,FALSE,249,TRUE,FALSE,NA,NA
Still think the #flu shot is safe? Ask the family of this father who is now on life support because of it. https://t.co/Râ€_,FALSE,0,FALSE,249,TRUE,FALSE,NA,NA
Still think the #flu shot is safe? Ask the family of this father who is now on life support because of it. https://t.co/Râ€_,FALSE,0,FALSE,249,TRUE,FALSE,NA,NA
Still think the #flu shot is safe? Ask the family of this father who is now on life support because of it. https://t.co/Râ€_,FALSE,0,FALSE,249,TRUE,FALSE,NA,NA
Still think the #flu shot is safe? Ask the family of this father who is now on life support because of it. https://t.co/Râ€_,FALSE,0,FALSE,249,TRUE,FALSE,NA,NA
Still think the #flu shot is safe? Ask the family of this father who is now on life support because of it. https://t.co/Râ€_,FALSE,0,FALSE,249,TRUE,FALSE,NA,NA
Still think the #flu shot is safe? Ask the family of this father who is now on life support because of it. https://t.co/Râ€_,FALSE,0,FALSE,249,TRUE,FALSE,NA,NA
Still think the #flu shot is safe? Ask the family of this father who is now on life support because of it. https://t.co/Râ€_,FALSE,0,FALSE,249,TRUE,FALSE,NA,NA
Still think the #flu shot is safe? Ask the family of this father who is now on life support because of it. https://t.co/Râ€_,FALSE,0,FALSE,249,TRUE,FALSE,NA,NA
Still think the #flu shot is safe? Ask the family of this father who is now on life support because of it. https://t.co/Râ€_,FALSE,0,FALSE,249,TRUE,FALSE,NA,NA
Still think the #flu shot is safe? Ask the family of this father who is now on life support because of it. https://t.co/Râ€_,FALSE,0,FALSE,249,TRUE,FALSE,NA,NA
Still think the #flu shot is safe? Ask the family of this father who is now on life support because of it. https://t.co/Râ€_,FALSE,0,FALSE,249,TRUE,FALSE,NA,NA
Still think the #flu shot is safe? Ask the family of this father who is now on life support because of it. https://t.co/Râ€_,FALSE,0,FALSE,249,TRUE,FALSE,NA,NA
Still think the #flu shot is safe? Ask the family of this father who is now on life support because of it. https://t.câ€_,FALSE,0,FALSE,3,TRUE,FALSE,NA,NA
Still think the #flu shot is safe? Ask the family of this father who is now on life support because of it. https://t.co/Râ€_,FALSE,0,FALSE,249,TRUE,FALSE,NA,NA
Still think the #flu shot is safe? Ask the family of this father who is now on life support because of it. https://t.co/Râ€_,FALSE,0,FALSE,249,TRUE,FALSE,NA,NA
Still think the #flu shot is safe? Ask the family of this father who is now on life support because of it. https://t.co/Râ€_,FALSE,0,FALSE,249,TRUE,FALSE,NA,NA
Still think the #flu shot is safe? Ask the family of this father who is now on life support because of it. https://t.co/Râ€_,FALSE,0,FALSE,249,TRUE,FALSE,NA,NA
Still think the #flu shot is safe? Ask the family of this father who is now on life support because of it. https://t.co/Râ€_,FALSE,0,FALSE,249,TRUE,FALSE,NA,NA
Still think the #flu shot is safe? Ask the family of this father who is now on life support because of it. https://t.co/Râ€_,FALSE,0,FALSE,249,TRUE,FALSE,NA,NA
Still think the #flu shot is safe? Ask the family of this father who is now on life support because of it. https://t.co/Râ€_,FALSE,0,FALSE,249,TRUE,FALSE,NA,NA
Still think the #flu shot is safe? Ask the family of this father who is now on life support because of it. https://t.co/Râ€_,FALSE,0,FALSE,249,TRUE,FALSE,NA,NA
Still think the #flu shot is safe? Ask the family of this father who is now on life support because of it. https://t.co/Râ€_,FALSE,0,FALSE,249,TRUE,FALSE,NA,NA
Still think the #flu shot is safe? Ask the family of this father who is now on life support because of it. https://t.co/Râ€_,FALSE,0,FALSE,249,TRUE,FALSE,NA,NA
Still think the #flu shot is safe? Ask the family of this father who is now on life support because of it. https://t.co/Râ€_,FALSE,0,FALSE,249,TRUE,FALSE,NA,NA
Still think the #flu shot is safe? Ask the family of this father who is now on life support because of it. https://t.co/Râ€_,FALSE,0,FALSE,249,TRUE,FALSE,NA,NA
"#AntiVax positions have no legs to stand on. Because thereâ€™s no evidence to support them, they rely on emotion. They demaâ€_",FALSE,0,FALSE,12,TRUE,FALSE,NA,NA
Still think the #flu shot is safe? Ask the family of this father who is now on life support because of it. https://t.co/Râ€_,FALSE,0,FALSE,249,TRUE,FALSE,NA,NA
Still think the #flu shot is safe? Ask the family of this father who is now on life support because of it. https://t.co/Râ€_,FALSE,0,FALSE,249,TRUE,FALSE,NA,NA
Still think the #flu shot is safe? Ask the family of this father who is now on life support because of it. https://t.co/Râ€_,FALSE,0,FALSE,249,TRUE,FALSE,NA,NA
Still think the #flu shot is safe? Ask the family of this father who is now on life support because of it. https://t.co/Râ€_,FALSE,0,FALSE,249,TRUE,FALSE,NA,NA
Still think the #flu shot is safe? Ask the family of this father who is now on life support because of it. https://t.co/Râ€_,FALSE,0,FALSE,249,TRUE,FALSE,NA,NA
Still think the #flu shot is safe? Ask the family of this father who is now on life support because of it. https://t.co/Râ€_,FALSE,0,FALSE,249,TRUE,FALSE,NA,NA
Still think the #flu shot is safe? Ask the family of this father who is now on life support because of it. https://t.co/Râ€_,FALSE,0,FALSE,249,TRUE,FALSE,NA,NA
Still think the #flu shot is safe? Ask the family of this father who is now on life support because of it. https://t.co/Râ€_,FALSE,0,FALSE,249,TRUE,FALSE,NA,NA
Still think the #flu shot is safe? Ask the family of this father who is now on life support because of it. https://t.co/Râ€_,FALSE,0,FALSE,249,TRUE,FALSE,NA,NA
Still think the #flu shot is safe? Ask the family of this father who is now on life support because of it. https://t.co/Râ€_,FALSE,0,FALSE,249,TRUE,FALSE,NA,NA
Still think the #flu shot is safe? Ask the family of this father who is now on life support because of it. https://t.co/Râ€_,FALSE,0,FALSE,249,TRUE,FALSE,NA,NA
Still think the #flu shot is safe? Ask the family of this father who is now on life support because of it. https://t.co/Râ€_,FALSE,0,FALSE,249,TRUE,FALSE,NA,NA
"#AntiVax frequently respond to evidence-based vaccine social media posts by taking personal offense. Somehow, they feel pâ€_",FALSE,0,FALSE,8,TRUE,FALSE,NA,NA
Still think the #flu shot is safe? Ask the family of this father who is now on life support because of it. https://t.co/Râ€_,FALSE,0,FALSE,249,TRUE,FALSE,NA,NA
Still think the #flu shot is safe? Ask the family of this father who is now on life support because of it. https://t.co/Râ€_,FALSE,0,FALSE,249,TRUE,FALSE,NA,NA
Still think the #flu shot is safe? Ask the family of this father who is now on life support because of it. https://t.co/Râ€_,FALSE,0,FALSE,249,TRUE,FALSE,NA,NA
Research shows that the vast majority of Pediatricians continue to see families that don't vaccinate their childrenâ€_ https://t.co/abwuNWtnY5,FALSE,11,TRUE,2,FALSE,FALSE,NA,NA
Still think the #flu shot is safe? Ask the family of this father who is now on life support because of it. https://t.co/Râ€_,FALSE,0,FALSE,249,TRUE,FALSE,NA,NA
Still think the #flu shot is safe? Ask the family of this father who is now on life support because of it. https://t.co/Râ€_,FALSE,0,FALSE,249,TRUE,FALSE,NA,NA
Still think the #flu shot is safe? Ask the family of this father who is now on life support because of it. https://t.co/Râ€_,FALSE,0,FALSE,249,TRUE,FALSE,NA,NA
Still think the #flu shot is safe? Ask the family of this father who is now on life support because of it. https://t.co/Râ€_,FALSE,0,FALSE,249,TRUE,FALSE,NA,NA
Still think the #flu shot is safe? Ask the family of this father who is now on life support because of it. https://t.co/Râ€_,FALSE,0,FALSE,249,TRUE,FALSE,NA,NA
Still think the #flu shot is safe? Ask the family of this father who is now on life support because of it. https://t.co/Râ€_,FALSE,0,FALSE,249,TRUE,FALSE,NA,NA
Still think the #flu shot is safe? Ask the family of this father who is now on life support because of it. https://t.co/Râ€_,FALSE,0,FALSE,249,TRUE,FALSE,NA,NA
Still think the #flu shot is safe? Ask the family of this father who is now on life support because of it. https://t.co/Râ€_,FALSE,0,FALSE,249,TRUE,FALSE,NA,NA
Still think the #flu shot is safe? Ask the family of this father who is now on life support because of it. https://t.co/Râ€_,FALSE,0,FALSE,249,TRUE,FALSE,NA,NA
Still think the #flu shot is safe? Ask the family of this father who is now on life support because of it. https://t.co/Râ€_,FALSE,0,FALSE,249,TRUE,FALSE,NA,NA
Still think the #flu shot is safe? Ask the family of this father who is now on life support because of it. https://t.co/Râ€_,FALSE,0,FALSE,249,TRUE,FALSE,NA,NA
Still think the #flu shot is safe? Ask the family of this father who is now on life support because of it. https://t.co/Râ€_,FALSE,0,FALSE,249,TRUE,FALSE,NA,NA
Still think the #flu shot is safe? Ask the family of this father who is now on life support because of it. https://t.co/Râ€_,FALSE,0,FALSE,249,TRUE,FALSE,NA,NA
Still think the #flu shot is safe? Ask the family of this father who is now on life support because of it. https://t.câ€_,FALSE,0,FALSE,3,TRUE,FALSE,NA,NA
Still think the #flu shot is safe? Ask the family of this father who is now on life support because of it. https://t.co/Râ€_,FALSE,0,FALSE,249,TRUE,FALSE,NA,NA
Still think the #flu shot is safe? Ask the family of this father who is now on life support because of it. https://t.co/Râ€_,FALSE,0,FALSE,249,TRUE,FALSE,NA,NA
Still think the #flu shot is safe? Ask the family of this father who is now on life support because of it. https://t.co/Râ€_,FALSE,0,FALSE,249,TRUE,FALSE,NA,NA
Still think the #flu shot is safe? Ask the family of this father who is now on life support because of it. https://t.co/Râ€_,FALSE,0,FALSE,249,TRUE,FALSE,NA,NA
Still think the #flu shot is safe? Ask the family of this father who is now on life support because of it. https://t.co/Râ€_,FALSE,0,FALSE,249,TRUE,FALSE,NA,NA
Still think the #flu shot is safe? Ask the family of this father who is now on life support because of it. https://t.co/Râ€_,FALSE,0,FALSE,249,TRUE,FALSE,NA,NA
Still think the #flu shot is safe? Ask the family of this father who is now on life support because of it. https://t.co/Râ€_,FALSE,0,FALSE,249,TRUE,FALSE,NA,NA
Still think the #flu shot is safe? Ask the family of this father who is now on life support because of it. https://t.co/Râ€_,FALSE,0,FALSE,249,TRUE,FALSE,NA,NA
Still think the #flu shot is safe? Ask the family of this father who is now on life support because of it. https://t.co/Râ€_,FALSE,0,FALSE,249,TRUE,FALSE,NA,NA
Still think the #flu shot is safe? Ask the family of this father who is now on life support because of it. https://t.co/Râ€_,FALSE,0,FALSE,249,TRUE,FALSE,NA,NA
Still think the #flu shot is safe? Ask the family of this father who is now on life support because of it. https://t.co/Râ€_,FALSE,0,FALSE,249,TRUE,FALSE,NA,NA
Still think the #flu shot is safe? Ask the family of this father who is now on life support because of it. https://t.co/Râ€_,FALSE,0,FALSE,249,TRUE,FALSE,NA,NA
Still think the #flu shot is safe? Ask the family of this father who is now on life support because of it. https://t.co/Râ€_,FALSE,0,FALSE,249,TRUE,FALSE,NA,NA
Still think the #flu shot is safe? Ask the family of this father who is now on life support because of it. https://t.co/Râ€_,FALSE,0,FALSE,249,TRUE,FALSE,NA,NA
Still think the #flu shot is safe? Ask the family of this father who is now on life support because of it. https://t.co/Râ€_,FALSE,0,FALSE,249,TRUE,FALSE,NA,NA
Still think the #flu shot is safe? Ask the family of this father who is now on life support because of it. https://t.co/Râ€_,FALSE,0,FALSE,249,TRUE,FALSE,NA,NA
Still think the #flu shot is safe? Ask the family of this father who is now on life support because of it. https://t.co/Râ€_,FALSE,0,FALSE,249,TRUE,FALSE,NA,NA
Still think the #flu shot is safe? Ask the family of this father who is now on life support because of it. https://t.co/Râ€_,FALSE,0,FALSE,249,TRUE,FALSE,NA,NA
Still think the #flu shot is safe? Ask the family of this father who is now on life support because of it. https://t.co/Râ€_,FALSE,0,FALSE,249,TRUE,FALSE,NA,NA
Still think the #flu shot is safe? Ask the family of this father who is now on life support because of it. https://t.co/Râ€_,FALSE,0,FALSE,249,TRUE,FALSE,NA,NA
Still think the #flu shot is safe? Ask the family of this father who is now on life support because of it. https://t.co/Râ€_,FALSE,0,FALSE,249,TRUE,FALSE,NA,NA
Still think the #flu shot is safe? Ask the family of this father who is now on life support because of it. https://t.co/Râ€_,FALSE,0,FALSE,249,TRUE,FALSE,NA,NA
Still think the #flu shot is safe? Ask the family of this father who is now on life support because of it. https://t.co/Râ€_,FALSE,0,FALSE,249,TRUE,FALSE,NA,NA
Still think the #flu shot is safe? Ask the family of this father who is now on life support because of it. https://t.co/Râ€_,FALSE,0,FALSE,249,TRUE,FALSE,NA,NA
Still think the #flu shot is safe? Ask the family of this father who is now on life support because of it. https://t.co/Râ€_,FALSE,0,FALSE,249,TRUE,FALSE,NA,NA
Still think the #flu shot is safe? Ask the family of this father who is now on life support because of it. https://t.co/Râ€_,FALSE,0,FALSE,249,TRUE,FALSE,NA,NA
Still think the #flu shot is safe? Ask the family of this father who is now on life support because of it. https://t.co/Râ€_,FALSE,0,FALSE,249,TRUE,FALSE,NA,NA
Still think the #flu shot is safe? Ask the family of this father who is now on life support because of it. https://t.co/Râ€_,FALSE,0,FALSE,249,TRUE,FALSE,NA,NA
Still think the #flu shot is safe? Ask the family of this father who is now on life support because of it. https://t.co/Râ€_,FALSE,0,FALSE,249,TRUE,FALSE,NA,NA
Still think the #flu shot is safe? Ask the family of this father who is now on life support because of it. https://t.co/Râ€_,FALSE,0,FALSE,249,TRUE,FALSE,NA,NA
Still think the #flu shot is safe? Ask the family of this father who is now on life support because of it. https://t.co/Râ€_,FALSE,0,FALSE,249,TRUE,FALSE,NA,NA
Still think the #flu shot is safe? Ask the family of this father who is now on life support because of it. https://t.co/Râ€_,FALSE,0,FALSE,249,TRUE,FALSE,NA,NA
Still think the #flu shot is safe? Ask the family of this father who is now on life support because of it. https://t.co/Râ€_,FALSE,0,FALSE,249,TRUE,FALSE,NA,NA
Still think the #flu shot is safe? Ask the family of this father who is now on life support because of it. https://t.co/Râ€_,FALSE,0,FALSE,249,TRUE,FALSE,NA,NA
Still think the #flu shot is safe? Ask the family of this father who is now on life support because of it. https://t.co/Râ€_,FALSE,0,FALSE,249,TRUE,FALSE,NA,NA
Still think the #flu shot is safe? Ask the family of this father who is now on life support because of it. https://t.co/Râ€_,FALSE,0,FALSE,249,TRUE,FALSE,NA,NA
Still think the #flu shot is safe? Ask the family of this father who is now on life support because of it.â€_ https://t.co/wzm1ckgKSD,FALSE,0,TRUE,0,FALSE,FALSE,NA,NA
Still think the #flu shot is safe? Ask the family of this father who is now on life support because of it. https://t.co/Râ€_,FALSE,0,FALSE,249,TRUE,FALSE,NA,NA
Still think the #flu shot is safe? Ask the family of this father who is now on life support because of it. https://t.co/Râ€_,FALSE,0,FALSE,249,TRUE,FALSE,NA,NA
"No, they won't. Your #AntiVax movement is failing, though not before entâ€_ https://t.co/kF3bDjloNt",FALSE,0,TRUE,0,FALSE,FALSE,NA,NA
Still think the #flu shot is safe? Ask the family of this father who is now on life support because of it. https://t.co/Râ€_,FALSE,0,FALSE,249,TRUE,FALSE,NA,NA
Still think the #flu shot is safe? Ask the family of this father who is now on life support because of it. https://t.co/Râ€_,FALSE,0,FALSE,249,TRUE,FALSE,NA,NA
Still think the #flu shot is safe? Ask the family of this father who is now on life support because of it. https://t.co/Râ€_,FALSE,0,FALSE,249,TRUE,FALSE,NA,NA
Still think the #flu shot is safe? Ask the family of this father who is now on life support because of it. https://t.co/Râ€_,FALSE,0,FALSE,249,TRUE,FALSE,NA,NA
Still think the #flu shot is safe? Ask the family of this father who is now on life support because of it. https://t.co/Râ€_,FALSE,0,FALSE,249,TRUE,FALSE,NA,NA
Still think the #flu shot is safe? Ask the family of this father who is now on life support because of it. https://t.co/Râ€_,FALSE,0,FALSE,249,TRUE,FALSE,NA,NA
Still think the #flu shot is safe? Ask the family of this father who is now on life support because of it. https://t.co/Râ€_,FALSE,0,FALSE,249,TRUE,FALSE,NA,NA
Still think the #flu shot is safe? Ask the family of this father who is now on life support because of it. https://t.co/Râ€_,FALSE,0,FALSE,249,TRUE,FALSE,NA,NA
Still think the #flu shot is safe? Ask the family of this father who is now on life support because of it. https://t.co/Râ€_,FALSE,0,FALSE,249,TRUE,FALSE,NA,NA
Still think the #flu shot is safe? Ask the family of this father who is now on life support because of it. https://t.co/Râ€_,FALSE,0,FALSE,249,TRUE,FALSE,NA,NA
Still think the #flu shot is safe? Ask the family of this father who is now on life support because of it. https://t.co/Râ€_,FALSE,0,FALSE,249,TRUE,FALSE,NA,NA
Still think the #flu shot is safe? Ask the family of this father who is now on life support because of it. https://t.co/Râ€_,FALSE,0,FALSE,249,TRUE,FALSE,NA,NA
Still think the #flu shot is safe? Ask the family of this father who is now on life support because of it. https://t.co/Râ€_,FALSE,0,FALSE,249,TRUE,FALSE,NA,NA
Still think the #flu shot is safe? Ask the family of this father who is now on life support because of it. https://t.co/Râ€_,FALSE,0,FALSE,249,TRUE,FALSE,NA,NA
Still think the #flu shot is safe? Ask the family of this father who is now on life support because of it. https://t.co/Râ€_,FALSE,0,FALSE,249,TRUE,FALSE,NA,NA
Still think the #flu shot is safe? Ask the family of this father who is now on life support because of it. https://t.co/Râ€_,FALSE,0,FALSE,249,TRUE,FALSE,NA,NA
Still think the #flu shot is safe? Ask the family of this father who is now on life support because of it. https://t.co/Râ€_,FALSE,0,FALSE,249,TRUE,FALSE,NA,NA
Still think the #flu shot is safe? Ask the family of this father who is now on life support because of it. https://t.co/Râ€_,FALSE,0,FALSE,249,TRUE,FALSE,NA,NA
Still think the #flu shot is safe? Ask the family of this father who is now on life support because of it. https://t.co/Râ€_,FALSE,0,FALSE,249,TRUE,FALSE,NA,NA
Still think the #flu shot is safe? Ask the family of this father who is now on life support because of it. https://t.co/Râ€_,FALSE,0,FALSE,249,TRUE,FALSE,NA,NA
Still think the #flu shot is safe? Ask the family of this father who is now on life support because of it. https://t.co/Râ€_,FALSE,0,FALSE,249,TRUE,FALSE,NA,NA
Still think the #flu shot is safe? Ask the family of this father who is now on life support because of it. https://t.co/Râ€_,FALSE,0,FALSE,249,TRUE,FALSE,NA,NA
Still think the #flu shot is safe? Ask the family of this father who is now on life support because of it. https://t.co/Râ€_,FALSE,0,FALSE,249,TRUE,FALSE,NA,NA
Still think the #flu shot is safe? Ask the family of this father who is now on life support because of it. https://t.co/Râ€_,FALSE,0,FALSE,249,TRUE,FALSE,NA,NA
Still think the #flu shot is safe? Ask the family of this father who is now on life support because of it. https://t.co/Râ€_,FALSE,0,FALSE,249,TRUE,FALSE,NA,NA
Still think the #flu shot is safe? Ask the family of this father who is now on life support because of it. https://t.co/Râ€_,FALSE,0,FALSE,249,TRUE,FALSE,NA,NA
Still think the #flu shot is safe? Ask the family of this father who is now on life support because of it. https://t.co/Râ€_,FALSE,0,FALSE,249,TRUE,FALSE,NA,NA
Still think the #flu shot is safe? Ask the family of this father who is now on life support because of it. https://t.co/Râ€_,FALSE,0,FALSE,249,TRUE,FALSE,NA,NA
Still think the #flu shot is safe? Ask the family of this father who is now on life support because of it. https://t.co/Râ€_,FALSE,0,FALSE,249,TRUE,FALSE,NA,NA
Vaccines work. Avoiding them only leads to suffering and/or death. #VaccinesWork #Vaccinations #antivax https://t.co/zWYbrMâ€_,FALSE,0,FALSE,1,TRUE,FALSE,NA,NA
Still think the #flu shot is safe? Ask the family of this father who is now on life support because of it. https://t.co/Râ€_,FALSE,0,FALSE,249,TRUE,FALSE,NA,NA
Still think the #flu shot is safe? Ask the family of this father who is now on life support because of it. https://t.co/Râ€_,FALSE,0,FALSE,249,TRUE,FALSE,NA,NA
Still think the #flu shot is safe? Ask the family of this father who is now on life support because of it. https://t.co/Râ€_,FALSE,0,FALSE,249,TRUE,FALSE,NA,NA
Still think the #flu shot is safe? Ask the family of this father who is now on life support because of it. https://t.co/Râ€_,FALSE,0,FALSE,249,TRUE,FALSE,NA,NA
Still think the #flu shot is safe? Ask the family of this father who is now on life support because of it. https://t.câ€_,FALSE,0,FALSE,3,TRUE,FALSE,NA,NA
Still think the #flu shot is safe? Ask the family of this father who is now on life support because of it. https://t.co/Râ€_,FALSE,0,FALSE,249,TRUE,FALSE,NA,NA
Still think the #flu shot is safe? Ask the family of this father who is now on life support because of it. https://t.co/Râ€_,FALSE,0,FALSE,249,TRUE,FALSE,NA,NA
Still think the #flu shot is safe? Ask the family of this father who is now on life support because of it. https://t.co/Râ€_,FALSE,0,FALSE,249,TRUE,FALSE,NA,NA
Still think the #flu shot is safe? Ask the family of this father who is now on life support because of it.â€_ https://t.co/RSaPex4npB,FALSE,4,TRUE,3,FALSE,FALSE,NA,NA
Still think the #flu shot is safe? Ask the family of this father who is now on life support because of it. https://t.co/Râ€_,FALSE,0,FALSE,249,TRUE,FALSE,NA,NA
Still think the #flu shot is safe? Ask the family of this father who is now on life support because of it.â€_ https://t.co/wZsqPLbJci,FALSE,254,TRUE,249,FALSE,FALSE,NA,NA
Finland proposes child benefits be tied to vaccine requirements  https://t.co/mNrBDoq7jF via @HealthWatch12â€_,FALSE,0,FALSE,31,TRUE,FALSE,NA,NA
A common #AntiVax trope is to respond to evidence that vaccines are safe and effective by claiming harassment and disrespâ€_,FALSE,0,FALSE,16,TRUE,FALSE,NA,NA
Finland proposes child benefits be tied to vaccine requirements  https://t.co/mNrBDoq7jF via @HealthWatch12â€_,FALSE,0,FALSE,31,TRUE,FALSE,NA,NA
Vaccines work. Avoiding them only leads to suffering and/or death. #VaccinesWork #Vaccinations #antivax https://t.co/zWYbrMkb9H,FALSE,2,FALSE,1,FALSE,FALSE,NA,NA
"Pray harder.#antivax #antilife https://t.co/HTQH8Ija6N",FALSE,1,FALSE,0,FALSE,FALSE,NA,NA
Finland proposes child benefits be tied to vaccine requirements  https://t.co/mNrBDoq7jF via @HealthWatch12â€_,FALSE,0,FALSE,31,TRUE,FALSE,NA,NA
RFK Jr. wins case against U.S. government for vaccine safety violations. https://t.co/gZbIs5xqpu #vaccines #antivax,FALSE,0,FALSE,205,TRUE,FALSE,NA,NA
Finland proposes child benefits be tied to vaccine requirements  https://t.co/mNrBDoq7jF via @HealthWatch12â€_,FALSE,0,FALSE,31,TRUE,FALSE,NA,NA
Finland proposes child benefits be tied to vaccine requirements  https://t.co/mNrBDoq7jF via @HealthWatch12â€_,FALSE,0,FALSE,31,TRUE,FALSE,NA,NA
Finland proposes child benefits be tied to vaccine requirements  https://t.co/mNrBDoq7jF via @HealthWatch12â€_,FALSE,0,FALSE,31,TRUE,FALSE,NA,NA
#AutismCommunity Just wanted to post a couple success stories there are hundreds I can put up and all the same. Dr. Nemecâ€_,FALSE,0,FALSE,2,TRUE,FALSE,NA,NA
"Here's why I felt compelled to write the new book, #VACCINES DID NOT CAUSE RACHEL #AUTISM https://t.co/ZxTkn0z1eUâ€_",FALSE,0,FALSE,11,TRUE,FALSE,NA,NA
"#AntiVax frequently respond to evidence-based vaccine social media posts by taking personal offense. Somehow, they feel pâ€_",FALSE,0,FALSE,8,TRUE,FALSE,NA,NA
I chose to vaccinate my 4 beautiful children and all four of them came out with severe birth defects ï¿_ï¿_ï¿_ï¿_ï¿_ï¿_ï¿_ï¿_ï¿_ï¿_ï¿_ï¿_. Know the truth!â€_,FALSE,0,FALSE,1,TRUE,FALSE,NA,NA
A common #AntiVax trope is to respond to evidence that vaccines are safe and effective by claiming harassment and disrespâ€_,FALSE,0,FALSE,16,TRUE,FALSE,NA,NA
#AutismCommunity Just wanted to post a couple success stories there are hundreds I can put up and all the same. Dr. Nemecâ€_,FALSE,0,FALSE,2,TRUE,FALSE,NA,NA
ICYMI - Roundup: US #LifeExpectancy drops for 3rd year; number of uninsured kids on rise again; steep drops in insâ€_,FALSE,0,FALSE,2,TRUE,FALSE,NA,NA
ICYMI - Roundup: US #LifeExpectancy drops for 3rd year; number of uninsured kids on rise again; steep drâ€_ https://t.co/Kt4iLSujLC,FALSE,3,TRUE,2,FALSE,FALSE,NA,NA
"The #AntiVax movement just got much, much bigger. https://t.co/e0Ayvly5Np",FALSE,0,FALSE,3,TRUE,FALSE,NA,NA
"The #AntiVax movement just got much, much bigger. https://t.co/e0Ayvly5Np",FALSE,0,FALSE,3,TRUE,FALSE,NA,NA
Finland proposes child benefits be tied to vaccine requirements  https://t.co/mNrBDoq7jF via @HealthWatch12â€_,FALSE,0,FALSE,31,TRUE,FALSE,NA,NA
#antivax  Timeâ€™s up. https://t.co/iJOJJStjf1,FALSE,0,FALSE,3,TRUE,FALSE,NA,NA
"#vaccinate #vaccines #antivax #vaccinateyourkids #antivaxxersareidiots Portland, Oregon https://t.co/hBeCB7mwVg",FALSE,0,FALSE,0,FALSE,FALSE,NA,NA
Finland proposes child benefits be tied to vaccine requirements  https://t.co/mNrBDoq7jF via @HealthWatch12â€_,FALSE,0,FALSE,31,TRUE,FALSE,NA,NA
Finland proposes child benefits be tied to vaccine requirements:  #Finland following in the footsteps of countriesâ€_ https://t.co/LaBX9boytl,FALSE,2,TRUE,0,FALSE,FALSE,NA,NA
"Congrats #antivax, those victims are on your tab! https://t.co/7FRNjZJNuF",FALSE,3,FALSE,0,FALSE,FALSE,NA,NA
"Having seen kids die from preventable diseases sucks. ï¿_ï¿_ï¿_ï¿_ï¿_ï¿_ï¿_ï¿_ï¿_ï¿_ï¿_ï¿_So disgusted by uninformed #antivax supporters! Saying ""NO"" toâ€_",FALSE,0,FALSE,2,TRUE,FALSE,NA,NA
#AntiVax make extraordinary claims and demand scientists and physicians disprove them.  Thatâ€™s not how science works; extâ€_,FALSE,0,FALSE,21,TRUE,FALSE,NA,NA
"Having seen kids die from preventable diseases sucks. ï¿_ï¿_ï¿_ï¿_ï¿_ï¿_ï¿_ï¿_ï¿_ï¿_ï¿_ï¿_So disgusted by uninformed #antivax supporters! Saying ""NO"" toâ€_",FALSE,0,FALSE,2,TRUE,FALSE,NA,NA
"#AntiVax frequently respond to evidence-based vaccine social media posts by taking personal offense. Somehow, they feel pâ€_",FALSE,0,FALSE,8,TRUE,FALSE,NA,NA
"In my interviews and new book, #VACCINES DID NOT CAUSE RACHEL'S #AUTISM https://t.co/ZxTkn0z1eU I explain how the aâ€_",FALSE,0,FALSE,6,TRUE,FALSE,NA,NA
Finland proposes child benefits be tied to vaccine requirements  https://t.co/mNrBDoq7jF via @HealthWatch12â€_,FALSE,0,FALSE,31,TRUE,FALSE,NA,NA
#AntiVax movement believes a lot of nonsense; this is the first time Iâ€™ve heard doctors worldwide banded together to killâ€_,FALSE,0,FALSE,12,TRUE,FALSE,NA,NA
A common #AntiVax trope is to respond to evidence that vaccines are safe and effective by claiming harassment and disrespâ€_,FALSE,0,FALSE,16,TRUE,FALSE,NA,NA
Have you ever noticed that most homeopaths are also #antivax loons? https://t.co/6WhEZwuQzS,FALSE,0,FALSE,0,FALSE,FALSE,NA,NA
"In my interviews and new book, #VACCINES DID NOT CAUSE RACHEL'S #AUTISM https://t.co/ZxTkn0z1eU I explain how the aâ€_",FALSE,0,FALSE,6,TRUE,FALSE,NA,NA
"In my interviews and new book, #VACCINES DID NOT CAUSE RACHEL'S #AUTISM https://t.co/ZxTkn0z1eU I explain how the aâ€_",FALSE,0,FALSE,6,TRUE,FALSE,NA,NA
#AntiVax movement believes a lot of nonsense; this is the first time Iâ€™ve heard doctors worldwide banded together to killâ€_,FALSE,0,FALSE,12,TRUE,FALSE,NA,NA
"#AntiVax positions have no legs to stand on. Because thereâ€™s no evidence to support them, they rely on emotion. They demaâ€_",FALSE,0,FALSE,12,TRUE,FALSE,NA,NA
Finland proposes child benefits be tied to vaccine requirements  https://t.co/mNrBDoq7jF via @HealthWatch12â€_,FALSE,0,FALSE,31,TRUE,FALSE,NA,NA
Finland proposes child benefits be tied to vaccine requirements  https://t.co/mNrBDoq7jF via @HealthWatch12â€_,FALSE,0,FALSE,31,TRUE,FALSE,NA,NA
Finland proposes child benefits be tied to vaccine requirements  https://t.co/mNrBDoq7jF via @HealthWatch12â€_,FALSE,0,FALSE,31,TRUE,FALSE,NA,NA
"In my interviews and new book, #VACCINES DID NOT CAUSE RACHEL'S #AUTISM https://t.co/ZxTkn0z1eU I explain how the aâ€_",FALSE,0,FALSE,6,TRUE,FALSE,NA,NA
"In my interviews and new book, #VACCINES DID NOT CAUSE RACHEL'S #AUTISM https://t.co/ZxTkn0z1eU I explain how the aâ€_",FALSE,0,FALSE,6,TRUE,FALSE,NA,NA
"In my interviews and new book, #VACCINES DID NOT CAUSE RACHEL'S #AUTISM https://t.co/ZxTkn0z1eU I explain hâ€_ https://t.co/M1m2Yqc4hD",FALSE,9,TRUE,6,FALSE,FALSE,NA,NA
A common #AntiVax trope is to respond to evidence that vaccines are safe and effective by claiming harassment and disrespâ€_,FALSE,0,FALSE,16,TRUE,FALSE,NA,NA
Finland proposes child benefits be tied to vaccine requirements  https://t.co/mNrBDoq7jF via @HealthWatch12â€_,FALSE,0,FALSE,31,TRUE,FALSE,NA,NA
Finland proposes child benefits be tied to vaccine requirements  https://t.co/mNrBDoq7jF via @HealthWatch12â€_,FALSE,0,FALSE,31,TRUE,FALSE,NA,NA
"#AntiVax positions have no legs to stand on. Because thereâ€™s no evidence to support them, they rely on emotion. They demaâ€_",FALSE,0,FALSE,12,TRUE,FALSE,NA,NA
Finland proposes child benefits be tied to vaccine requirements  https://t.co/mNrBDoq7jF via @HealthWatch12â€_,FALSE,0,FALSE,31,TRUE,FALSE,NA,NA
"Here's why I felt compelled to write the new book, #VACCINES DID NOT CAUSE RACHEL #AUTISM https://t.co/ZxTkn0z1eUâ€_",FALSE,0,FALSE,11,TRUE,FALSE,NA,NA
Finland proposes child benefits be tied to vaccine requirements  https://t.co/mNrBDoq7jF via @HealthWatch12â€_,FALSE,0,FALSE,31,TRUE,FALSE,NA,NA
Finland proposes child benefits be tied to vaccine requirements  https://t.co/mNrBDoq7jF via @HealthWatch12â€_,FALSE,0,FALSE,31,TRUE,FALSE,NA,NA
Finland proposes child benefits be tied to vaccine requirements  https://t.co/mNrBDoq7jF via @HealthWatch12â€_,FALSE,0,FALSE,31,TRUE,FALSE,NA,NA
Finland proposes child benefits be tied to vaccine requirements  https://t.co/mNrBDoq7jF via https://t.co/dw2pqZbFF1,FALSE,40,TRUE,31,FALSE,FALSE,NA,NA
"#AntiVax positions have no legs to stand on. Because thereâ€™s no evidence to support them, they rely on emotion. They demaâ€_",FALSE,0,FALSE,12,TRUE,FALSE,NA,NA
Flu vaccine propaganda: Real science vs the CDC. https://t.co/5zczZPbwb4 #vaccines #antivax #BigPharma,FALSE,0,FALSE,69,TRUE,FALSE,NA,NA
#AntiVax movement believes a lot of nonsense; this is the first time Iâ€™ve heard doctors worldwide banded together to killâ€_,FALSE,0,FALSE,12,TRUE,FALSE,NA,NA
"#AntiVax frequently respond to evidence-based vaccine social media posts by taking personal offense. Somehow, they feel pâ€_",FALSE,0,FALSE,8,TRUE,FALSE,NA,NA
RFK Jr. wins case against U.S. government for vaccine safety violations. https://t.co/gZbIs5xqpu #vaccines #antivax #healâ€_,FALSE,0,FALSE,191,TRUE,FALSE,NA,NA
"Definitely a grave concern. #antivax likely contributing to dangerous epidemicsThe double-edged sword: Aggressive #vacciâ€_",FALSE,0,FALSE,5,TRUE,FALSE,NA,NA
#AntiVax movement believes a lot of nonsense; this is the first time Iâ€™ve heard doctors worldwide banded together to killâ€_,FALSE,0,FALSE,12,TRUE,FALSE,NA,NA
"#AntiVax positions have no legs to stand on. Because thereâ€™s no evidence to support them, they rely on emotion. They demaâ€_",FALSE,0,FALSE,12,TRUE,FALSE,NA,NA
"#AntiVax positions have no legs to stand on. Because thereâ€™s no evidence to support them, they rely on emotion. They demaâ€_",FALSE,0,FALSE,12,TRUE,FALSE,NA,NA
"#AntiVax positions have no legs to stand on. Because thereâ€™s no evidence to support them, they rely on emotion. They demaâ€_",FALSE,0,FALSE,12,TRUE,FALSE,NA,NA
"Getting the flu is safer than getting the flu shot, warns doctor. https://t.co/u7fg0qVfRG #flushot #vaccines #antivax",FALSE,0,FALSE,523,TRUE,FALSE,NA,NA
"Pinterest: Look at this black and yellow bee inspired living room!Twitter: Sting me until I'm dead, life is canceâ€_ https://t.co/h1xlKl5od8",FALSE,16,TRUE,0,FALSE,FALSE,NA,NA
What if the #antivax movement or whatever is just a conspiracy so we trust big pharma again?,FALSE,0,FALSE,0,FALSE,FALSE,NA,NA
#AntiVax movement believes a lot of nonsense; this is the first time Iâ€™ve heard doctors worldwide banded together to killâ€_,FALSE,0,FALSE,12,TRUE,FALSE,NA,NA
"ï¿_ï¿_ï¿_ï¿_ï¿_ï¿_ï¿_ï¿_ï¿_ï¿_ï¿_ï¿_â€çâ™€ï¸èhere too. Canâ€™t believe #AntiVax exists in the USA, such a developed country with so many undeveloped minds. Iâ€_ https://t.co/dHrBnUc0nW",FALSE,1,TRUE,0,FALSE,FALSE,NA,NA
I chose to vaccinate my 4 beautiful children and all four of them came out with severe birth defects ï¿_ï¿_ï¿_ï¿_ï¿_ï¿_ï¿_ï¿_ï¿_ï¿_ï¿_ï¿_. Know the tâ€_ https://t.co/mDzm7Uixb0,FALSE,5,TRUE,1,FALSE,FALSE,NA,NA
"Definitely a grave concern. #antivax likely contributing to dangerous epidemicsThe double-edged sword: Aggressive #vacciâ€_",FALSE,0,FALSE,5,TRUE,FALSE,NA,NA
Four reasons to avoid the flu shot. #flushot #vaccines #antivax https://t.co/z9gj4br6bd,FALSE,0,FALSE,206,TRUE,FALSE,NA,NA
"Definitely a grave concern. #antivax likely contributing to dangerous epidemicsThe double-edged sword: Aggressive #vacciâ€_",FALSE,0,FALSE,5,TRUE,FALSE,NA,NA
"#AntiVax positions have no legs to stand on. Because thereâ€™s no evidence to support them, they rely on emotion. They demaâ€_",FALSE,0,FALSE,12,TRUE,FALSE,NA,NA
"Definitely a grave concern. #antivax likely contributing to dangerous epidemicsThe double-edged sword: Aggressive #vacciâ€_",FALSE,0,FALSE,5,TRUE,FALSE,NA,NA
"Here's why I felt compelled to write the new book, #VACCINES DID NOT CAUSE RACHEL #AUTISM https://t.co/ZxTkn0z1eUâ€_",FALSE,0,FALSE,11,TRUE,FALSE,NA,NA
"Definitely a grave concern. #antivax likely contributing to dangerous epidemicsThe double-edged sword: Aggressive #vacciâ€_",FALSE,0,FALSE,5,TRUE,FALSE,NA,NA
My first blog post/article will be up soon over the #antivax and #provax 'debate'.,FALSE,1,FALSE,0,FALSE,FALSE,NA,NA
"#AntiVax positions have no legs to stand on. Because thereâ€™s no evidence to support them, they rely on emotion. They demaâ€_",FALSE,0,FALSE,12,TRUE,FALSE,NA,NA
"#AntiVax frequently respond to evidence-based vaccine social media posts by taking personal offense. Somehow, they feel pâ€_",FALSE,0,FALSE,8,TRUE,FALSE,NA,NA
"Here's why I felt compelled to write the new book, #VACCINES DID NOT CAUSE RACHEL #AUTISM https://t.co/ZxTkn0z1eUâ€_",FALSE,0,FALSE,11,TRUE,FALSE,NA,NA
A common #AntiVax trope is to respond to evidence that vaccines are safe and effective by claiming harassment and disrespâ€_,FALSE,0,FALSE,16,TRUE,FALSE,NA,NA
"#AntiVax positions have no legs to stand on. Because thereâ€™s no evidence to support them, they rely on emotion. They demaâ€_",FALSE,0,FALSE,12,TRUE,FALSE,NA,NA
The Japanese government banned the HPV vaccine since 2013. #BigPharma #HPV #antivax https://t.co/cwLt1Gw4h7,FALSE,0,FALSE,134,TRUE,FALSE,NA,NA
"Connecting vaccines to the pro-life position (as in, you can't be pro-life if you vaccinate) has to be one of the mâ€_ https://t.co/kyw7v9bU7h",FALSE,1,TRUE,0,FALSE,FALSE,NA,NA
"#AntiVax frequently respond to evidence-based vaccine social media posts by taking personal offense. Somehow, they feel pâ€_",FALSE,0,FALSE,8,TRUE,FALSE,NA,NA
Why tf are #antivax assholes mentioning me. #goaway #fuckoff,FALSE,1,FALSE,0,FALSE,FALSE,NA,NA
A common #AntiVax trope is to respond to evidence that vaccines are safe and effective by claiming harassment and disrespâ€_,FALSE,0,FALSE,16,TRUE,FALSE,NA,NA
A common #AntiVax trope is to respond to evidence that vaccines are safe and effective by claiming harassment and disrespâ€_,FALSE,0,FALSE,16,TRUE,FALSE,NA,NA
#antivax people are idiots. https://t.co/c9ILSP7f1E,FALSE,0,FALSE,1,TRUE,FALSE,NA,NA
"Here's why I felt compelled to write the new book, #VACCINES DID NOT CAUSE RACHEL #AUTISM https://t.co/ZxTkn0z1eUâ€_",FALSE,0,FALSE,11,TRUE,FALSE,NA,NA
I dare you to tell the parents of pediatric cancer patients that â€œchemo is worthlesâ€_ https://t.co/A4NF3xf9lN,FALSE,1,TRUE,0,FALSE,FALSE,NA,NA
"Here's why I felt compelled to write the new book, #VACCINES DID NOT CAUSE RACHEL #AUTISM https://t.co/ZxTkn0z1eUâ€_",FALSE,0,FALSE,11,TRUE,FALSE,NA,NA
Holy shit. I would have assumed this was a joke if I didnâ€™t know an #antivax child abuser typed it!,FALSE,2,FALSE,0,FALSE,FALSE,NA,NA
"Here's why I felt compelled to write the new book, #VACCINES DID NOT CAUSE RACHEL #AUTISM https://t.co/ZxTkn0z1eUâ€_",FALSE,0,FALSE,11,TRUE,FALSE,NA,NA
"I object to the ""both sides of the political spectrum"" conclusion. Unlike the Right, which is lockstep witâ€_",FALSE,0,FALSE,2,TRUE,FALSE,NA,NA
#AntiVax make extraordinary claims and demand scientists and physicians disprove them.  Thatâ€™s not how science works; extâ€_,FALSE,0,FALSE,21,TRUE,FALSE,NA,NA
"Child: â€œWhen I grow up-â€œ#Antivax parents: https://t.co/Zox6GSmoAM",FALSE,0,FALSE,11,TRUE,FALSE,NA,NA
A common #AntiVax trope is to respond to evidence that vaccines are safe and effective by claiming harassment and disrespâ€_,FALSE,0,FALSE,16,TRUE,FALSE,NA,NA
A common #AntiVax trope is to respond to evidence that vaccines are safe and effective by claiming harassment and disrespâ€_,FALSE,0,FALSE,16,TRUE,FALSE,NA,NA
A common #AntiVax trope is to respond to evidence that vaccines are safe and effective by claiming harassment and disrespâ€_,FALSE,0,FALSE,16,TRUE,FALSE,NA,NA
"Here's why I felt compelled to write the new book, #VACCINES DID NOT CAUSE RACHEL #AUTISM https://t.co/ZxTkn0z1eUâ€_",FALSE,0,FALSE,11,TRUE,FALSE,NA,NA
"Here's why I felt compelled to write the new book, #VACCINES DID NOT CAUSE RACHEL #AUTISM https://t.co/i7pKWk2nbA",FALSE,25,TRUE,11,FALSE,FALSE,NA,NA
"I object to the ""both sides of the political spectrum"" conclusion. Unlike the Right, which is locksteâ€_ https://t.co/6NRbeRvDIE",FALSE,10,TRUE,2,FALSE,FALSE,NA,NA
Overwhelming scientific/medical evidence say vaccines work. Overwhelming consensâ€_ https://t.co/FN4NPLQKay,FALSE,0,TRUE,0,FALSE,FALSE,NA,NA
Someoneâ€™s truly out Dunning-Krugerâ€™d themselves. ï¿_ï¿_ï¿_ï¿_ï¿_ï¿_. What else does one expect frâ€_ https://t.co/mlBuBJpKZ0,FALSE,4,TRUE,0,FALSE,FALSE,NA,NA
... until you have the scientific and medical training to afford yourself the knâ€_ https://t.co/1GpaAuPNxn,FALSE,1,TRUE,0,FALSE,FALSE,NA,NA
"We need to learn, use #socialmedia to advantage of #vaccineswork. Only way to beat #antivaxxer #antivax is to outsmart iâ€_",FALSE,0,FALSE,5,TRUE,FALSE,NA,NA
"Child: â€œWhen I grow up-â€œ#Antivax parents: https://t.co/Zox6GSmoAM",FALSE,0,FALSE,11,TRUE,FALSE,NA,NA
#AntiVax movement believes a lot of nonsense; this is the first time Iâ€™ve heard doctors worldwide banded together to killâ€_,FALSE,0,FALSE,12,TRUE,FALSE,NA,NA
#AntiVax movement believes a lot of nonsense; this is the first time Iâ€™ve heard doctors worldwide banded together to killâ€_,FALSE,0,FALSE,12,TRUE,FALSE,NA,NA
#AntiVax movement believes a lot of nonsense; this is the first time Iâ€™ve heard doctors worldwide banded together tâ€_ https://t.co/5TY0UFMJHM,FALSE,40,TRUE,12,FALSE,FALSE,NA,NA
"â€_perhaps consider sharing the #ModernFable of: Fox, young Raccoon, and Vulturesâ€™ Feastâ€_ https://t.co/TLWtA2mVSe",FALSE,0,TRUE,0,FALSE,FALSE,NA,NA
"â€_perhaps consider sharing the #ModernFable of: Fox, young Racoon, and Vulturesâ€™ Feastâ€_ https://t.co/TdceJj6dVx",FALSE,1,TRUE,0,FALSE,FALSE,NA,NA
"Having seen kids die from preventable diseases sucks. ï¿_ï¿_ï¿_ï¿_ï¿_ï¿_ï¿_ï¿_ï¿_ï¿_ï¿_ï¿_So disgusted by uninformed #antivax supporters! Saying ""â€_ https://t.co/7tx0KRE1JN",FALSE,1,TRUE,2,FALSE,FALSE,NA,NA
"They died, Carol.#atheist #atheism #atheistrollcall #atheistpics #pray #faith #religion #godless #goodwithoutgod #antivaâ€_",FALSE,0,FALSE,41,TRUE,FALSE,NA,NA
"#AntiVax frequently respond to evidence-based vaccine social media posts by taking personal offense. Somehow, theyâ€_ https://t.co/nsxpobftaG",FALSE,31,TRUE,8,FALSE,FALSE,NA,NA
"#AntiVax positions have no legs to stand on. Because thereâ€™s no evidence to support them, they rely on emotion. Theâ€_ https://t.co/BydlqLlKQJ",FALSE,55,TRUE,12,FALSE,FALSE,NA,NA
A common #AntiVax trope is to respond to evidence that vaccines are safe and effective by claiming harassment and dâ€_ https://t.co/mcCtjmeViC,FALSE,88,TRUE,16,FALSE,FALSE,NA,NA
"Why small groups of vaccine refusers can make large groups of people sick.Outbreaks happen more easily in clusters ofâ€_",FALSE,0,FALSE,20,TRUE,FALSE,NA,NA
"Getting the flu is safer than getting the flu shot, warns doctor. https://t.co/u7fg0qVfRG #flushot #vaccines #antivax",FALSE,0,FALSE,523,TRUE,FALSE,NA,NA
"The ingredients shouted about by #antivaxxers are:&gt; in non-toxic amounts&gt; alreâ€_ https://t.co/eTgG9fCMee",FALSE,0,TRUE,0,FALSE,FALSE,NA,NA
Wow an actual pro-#vaccine celebrity. Thank you helping us to fight #measles and #antivax misinformation #Vaccineâ€_,FALSE,0,FALSE,392,TRUE,FALSE,NA,NA
#AntiVax make extraordinary claims and demand scientists and physicians disprove them.  Thatâ€™s not how science works; extâ€_,FALSE,0,FALSE,21,TRUE,FALSE,NA,NA
#AutismCommunity Just wanted to post a couple success stories there are hundreds I can put up and all the same. Dr.â€_ https://t.co/9U2mlK5SPa,FALSE,0,TRUE,2,FALSE,FALSE,NA,NA
#AntiVax make extraordinary claims and demand scientists and physicians disprove them.  Thatâ€™s not how science works; extâ€_,FALSE,0,FALSE,21,TRUE,FALSE,NA,NA
#AntiVax make extraordinary claims and demand scientists and physicians disprove them.  Thatâ€™s not how science works; extâ€_,FALSE,0,FALSE,21,TRUE,FALSE,NA,NA
"The antivaccine movement/cult on social media. Joa Helgesson and I speak with Jay Summers about the modern antivacâ€_ https://t.co/bYi72zUGu3",FALSE,2,TRUE,0,FALSE,FALSE,NA,NA
imagine living past 3 lol #antivax,FALSE,2,FALSE,0,FALSE,FALSE,NA,NA
"#vaccinate #vaccines #antivax #vaccinateyourkids #antivaxxersareidiots Portland, Oregon https://t.co/PqioZKljCn",FALSE,0,FALSE,0,FALSE,FALSE,NA,NA
https://t.co/UlcuLuTrZL,FALSE,3,TRUE,0,FALSE,FALSE,NA,NA
"Definitely a grave concern. #antivax likely contributing to dangerous epidemicsThe double-edged sword: Aggressivâ€_ https://t.co/2bwGY8jlNr",FALSE,6,TRUE,5,FALSE,FALSE,NA,NA
#AntiVax make extraordinary claims and demand scientists and physicians disprove them.  Thatâ€™s not how science works; extâ€_,FALSE,0,FALSE,21,TRUE,FALSE,NA,NA
#AntiVax make extraordinary claims and demand scientists and physicians disprove them.  Thatâ€™s not how science works; extâ€_,FALSE,0,FALSE,21,TRUE,FALSE,NA,NA
RFK Jr. wins case against U.S. government for vaccine safety violations. https://t.co/gZbIs5xqpu #vaccines #antivax #healâ€_,FALSE,0,FALSE,191,TRUE,FALSE,NA,NA
#AntiVax make extraordinary claims and demand scientists and physicians disprove them.  Thatâ€™s not how science works; extâ€_,FALSE,0,FALSE,21,TRUE,FALSE,NA,NA
#AntiVax make extraordinary claims and demand scientists and physicians disprove them.  Thatâ€™s not how science works; extâ€_,FALSE,0,FALSE,21,TRUE,FALSE,NA,NA
"People are really that ignorant. Take a vaccine insert, pull all the ingredients, research them. Bet youâ€™ll thinkâ€_ https://t.co/6pMHAAjo73",FALSE,1,TRUE,0,FALSE,FALSE,NA,NA
"#antivax parents arent the ones suffering when their children get polio, measles, whooping cough, meningitis, etc bâ€_ https://t.co/lt6R04ngQz",FALSE,0,TRUE,0,FALSE,FALSE,NA,NA
Wow an actual pro-#vaccine celebrity. Thank you helping us to fight #measles and #antivax misinformation #Vaccineâ€_,FALSE,0,FALSE,392,TRUE,FALSE,NA,NA
"If you're #antivax1. Unfollow me.2. Dont fucking breed.3. Stop putting lives at risk because you don't understanâ€_ https://t.co/cOVKwJCa47",FALSE,2,TRUE,0,FALSE,FALSE,NA,NA
#AntiVax make extraordinary claims and demand scientists and physicians disprove them.  Thatâ€™s not how science works; extâ€_,FALSE,0,FALSE,21,TRUE,FALSE,NA,NA
"https://t.co/O5MH78hcCYCasual reminder that if u dont vaccinate your kids (by choice) you dont deserve to have kiâ€_ https://t.co/g6DeyZxpxK",FALSE,0,TRUE,0,FALSE,FALSE,NA,NA
I am starting to think the antivax thing is a real population control conspiracy.. And it really seems to be workinâ€_ https://t.co/7ZCDMqqIm1,FALSE,0,TRUE,0,FALSE,FALSE,NA,NA
Vaccines cause adults. #antivax #VaccinesWork #VaccinateYourKids,FALSE,2,FALSE,0,FALSE,FALSE,NA,NA
"""Vaccines cause autism,"" You know what so the fuck what if they did (despite decades of research proving they don'tâ€_ https://t.co/yZPkwL2pNb",FALSE,0,TRUE,0,FALSE,FALSE,NA,NA
#AntiVax make extraordinary claims and demand scientists and physicians disprove them.  Thatâ€™s not how science works; extâ€_,FALSE,0,FALSE,21,TRUE,FALSE,NA,NA
Wow an actual pro-#vaccine celebrity. Thank you helping us to fight #measles and #antivax misinformation #Vaccineâ€_,FALSE,0,FALSE,392,TRUE,FALSE,NA,NA
#AntiVax make extraordinary claims and demand scientists and physicians disprove them.  Thatâ€™s not how science works; extâ€_,FALSE,0,FALSE,21,TRUE,FALSE,NA,NA
#AntiVax make extraordinary claims and demand scientists and physicians disprove them.  Thatâ€™s not how science works; extâ€_,FALSE,0,FALSE,21,TRUE,FALSE,NA,NA
#AntiVax make extraordinary claims and demand scientists and physicians disprove them.  Thatâ€™s not how science works; extâ€_,FALSE,0,FALSE,21,TRUE,FALSE,NA,NA
#AntiVax make extraordinary claims and demand scientists and physicians disprove them.  Thatâ€™s not how science works; extâ€_,FALSE,0,FALSE,21,TRUE,FALSE,NA,NA
#AntiVax make extraordinary claims and demand scientists and physicians disprove them.  Thatâ€™s not how science works; extâ€_,FALSE,0,FALSE,21,TRUE,FALSE,NA,NA
#AntiVax make extraordinary claims and demand scientists and physicians disprove them.  Thatâ€™s not how science works; extâ€_,FALSE,0,FALSE,21,TRUE,FALSE,NA,NA
#AntiVax make extraordinary claims and demand scientists and physicians disprove them.  Thatâ€™s not how science works; extâ€_,FALSE,0,FALSE,21,TRUE,FALSE,NA,NA
#AntiVax make extraordinary claims and demand scientists and physicians disprove them.  Thatâ€™s not how science workâ€_ https://t.co/6GQSckkUZB,FALSE,61,TRUE,21,FALSE,FALSE,NA,NA
Wow an actual pro-#vaccine celebrity. Thank you helping us to fight #measles and #antivax misinformation #Vaccineâ€_,FALSE,0,FALSE,392,TRUE,FALSE,NA,NA
Wow an actual pro-#vaccine celebrity. Thank you helping us to fight #measles and #antivax misinformation #Vaccineâ€_,FALSE,0,FALSE,392,TRUE,FALSE,NA,NA
Wow an actual pro-#vaccine celebrity. Thank you helping us to fight #measles and #antivax misinformation #Vaccineâ€_,FALSE,0,FALSE,392,TRUE,FALSE,NA,NA
Wow an actual pro-#vaccine celebrity. Thank you helping us to fight #measles and #antivax misinformation #Vaccineâ€_,FALSE,0,FALSE,392,TRUE,FALSE,NA,NA
RFK Jr. wins case against U.S. government for vaccine safety violations. https://t.co/gZbIs5xqpu #vaccines #antivax #healâ€_,FALSE,0,FALSE,191,TRUE,FALSE,NA,NA
Wow an actual pro-#vaccine celebrity. Thank you helping us to fight #measles and #antivax misinformation #Vaccineâ€_,FALSE,0,FALSE,392,TRUE,FALSE,NA,NA
So looking at the Twitter profiles of loads of the people favouriting #antivax tweets that have been sent at me shoâ€_ https://t.co/HnA9PXuqg0,FALSE,1,TRUE,0,FALSE,FALSE,NA,NA
Similar to some responses from the #AntiVax crew to the HPV vaccine: â€œThis vaccine will promote yoâ€_ https://t.co/1Ly7wnthIe,FALSE,0,TRUE,0,FALSE,FALSE,NA,NA
"Getting the flu is safer than getting the flu shot, warns doctor. https://t.co/u7fg0qVfRG #flushot #vaccines #antivax",FALSE,0,FALSE,523,TRUE,FALSE,NA,NA
"How anti-vax went viral #antivax #stopmandatoryvaccination #stopforcedvaccination #vaccines #vaccination Vaccination iâ€_",FALSE,0,FALSE,1,TRUE,FALSE,NA,NA
#Antivax movement blamed for 30 per cent jump in #measles cases worldwide https://t.co/Jc3eY7i3oJ via @SBSNews,FALSE,0,FALSE,0,FALSE,FALSE,NA,NA
"In your Linked-In article, you used the phrase ""hard core anti-vaxxer"", how is it you can use thatâ€_ https://t.co/McibmqDCzv",FALSE,0,TRUE,0,FALSE,FALSE,NA,NA
Senator Richard Pan is pushing a bill that would make it a â€œcrimeâ€ù for anyone to question vaccines. https://t.co/7L2nHNCVâ€_,FALSE,0,FALSE,597,TRUE,FALSE,NA,NA
"#vaccinate #vaccines #antivax #vaccinateyourkids #antivaxxersareidiots Portland, Oregon https://t.co/T9MJkWlUQX",FALSE,0,FALSE,0,FALSE,FALSE,NA,NA
"https://t.co/cixjfS2i8IThis should happen to family &amp; supportive friends of every mass shooter.In fact, the sameâ€_ https://t.co/vU3rOXDove",FALSE,0,TRUE,0,FALSE,FALSE,NA,NA
"In I've written on the global geography #Autism.  Contrary to the assertions of #antivax antivaccine lobby, autism râ€_",FALSE,0,FALSE,54,TRUE,FALSE,NA,NA
"Child: â€œWhen I grow up-â€œ#Antivax parents: https://t.co/Zox6GSmoAM",FALSE,0,FALSE,11,TRUE,FALSE,NA,NA
The Japanese government banned the HPV vaccine since 2013. #BigPharma #HPV #antivax https://t.co/cwLt1Gw4h7,FALSE,0,FALSE,134,TRUE,FALSE,NA,NA
"Why small groups of vaccine refusers can make large groups of people sick.Outbreaks happen more easily in clusters ofâ€_",FALSE,0,FALSE,20,TRUE,FALSE,NA,NA
#AntiVax' movement blamed for 30 per cent jump in #measles cases worldwide - https://t.co/zgXrFI5sLE,FALSE,0,FALSE,0,FALSE,FALSE,NA,NA
'Anti-vax' movement blamed for 30 per cent jump in measles cases worldwide | SBS News #antivax  https://t.co/QYSC7RdJiv,FALSE,0,FALSE,0,FALSE,FALSE,NA,NA
"Getting the flu is safer than getting the flu shot, warns doctor. https://t.co/u7fg0qVfRG #flushot #vaccines #antivax",FALSE,0,FALSE,523,TRUE,FALSE,NA,NA
Antivax parents: Iâ€™d rather my kid die of smallpox than be FUCKING AUTISTIC!!!! Gross. Yuck ï¿_ï¿_ï¿_ï¿_ï¿_ï¿_ #antivax,FALSE,0,FALSE,1,TRUE,FALSE,NA,NA
"Child: â€œWhen I grow up-â€œ#Antivax parents: https://t.co/Zox6GSmoAM",FALSE,0,FALSE,11,TRUE,FALSE,NA,NA
The Japanese government banned the HPV vaccine since 2013. #BigPharma #HPV #antivax https://t.co/cwLt1Gw4h7,FALSE,0,FALSE,134,TRUE,FALSE,NA,NA
"TODAY, as the #antivax lobby mocks me for last 2 years as ""the boy who cried wolf"" for exaggerating #measles epidemics thatâ€_",FALSE,0,FALSE,16,TRUE,FALSE,NA,NA
More good celebrity news as joins to stand up for vaccinations and stop the #antivax nonsense and misâ€_,FALSE,0,FALSE,9,TRUE,FALSE,NA,NA
"We need to learn, use #socialmedia to advantage of #vaccineswork. Only way to beat #antivaxxer #antivax is to outsmart iâ€_",FALSE,0,FALSE,5,TRUE,FALSE,NA,NA
Wow an actual pro-#vaccine celebrity. Thank you helping us to fight #measles and #antivax misinformation #Vaccineâ€_,FALSE,0,FALSE,392,TRUE,FALSE,NA,NA
"I just want a few opinions from the #antivax community and want to know a few things.According to you, vaccinatioâ€_ https://t.co/Y70FoIf9qI",FALSE,0,TRUE,0,FALSE,FALSE,NA,NA
this is what happens when parents vaccinate their children! &gt;:( #antivax,FALSE,5,FALSE,0,FALSE,FALSE,NA,NA
"If you believe in #FlatEarth then whatever. Life goes on. If your #antivax then life may not go on. You may watch youâ€_",FALSE,0,FALSE,1,TRUE,FALSE,NA,NA
#antivax  Timeâ€™s up. https://t.co/iJOJJStjf1,FALSE,0,FALSE,3,TRUE,FALSE,NA,NA
"Great article on the fake #antivax account here:https://t.co/cuFlugScTa",FALSE,0,FALSE,0,FALSE,FALSE,NA,NA
Todayâ€™s good news is that Vera Burnayevâ€™s #antivax account has just been suspended. This programmic bot aâ€_ https://t.co/os7hUPjpTL,FALSE,2,TRUE,0,FALSE,FALSE,NA,NA
"Child: â€œWhen I grow up-â€œ#Antivax parents: https://t.co/Zox6GSmoAM",FALSE,0,FALSE,11,TRUE,FALSE,NA,NA
"If you believe in #FlatEarth then whatever. Life goes on. If your #antivax then life may not go on. You may watchâ€_ https://t.co/txnzQWIaz7",FALSE,1,TRUE,1,FALSE,FALSE,NA,NA
"and on a further related note, yall think these drâ€™s GAF about any child born to a Black women??? Complete correlatâ€_ https://t.co/EBYkk1AQXX",FALSE,0,TRUE,0,FALSE,FALSE,NA,NA
"We need to learn, use #socialmedia to advantage of #vaccineswork. Only way to beat #antivaxxer #antivax is to outsmart iâ€_",FALSE,0,FALSE,5,TRUE,FALSE,NA,NA
Hey #antivax my kid HAS autism (the reason behind most antivax arguments) and would probably have it regardless ofâ€_ https://t.co/rayFaPuem9,FALSE,0,TRUE,0,FALSE,FALSE,NA,NA
Local high school has a kid with pertussis.  Vaccines could wipe these diseases off of the planet but you #antivaxâ€_ https://t.co/iKAhOWA9hB,FALSE,2,TRUE,0,FALSE,FALSE,NA,NA
"Ineffective flu vaccine contributed to 50,000 extra deaths last winter #vaccines #antivax #health #autismhttps://wwâ€_ https://t.co/XTpM9kTDTq",FALSE,0,TRUE,0,FALSE,FALSE,NA,NA
The Japanese government banned the HPV vaccine since 2013. #BigPharma #HPV #antivax https://t.co/cwLt1Gw4h7,FALSE,0,FALSE,134,TRUE,FALSE,NA,NA
Can you imagine living in a society that won't let me roleplay as a skaven plaugue monk??? This is whaâ€_ https://t.co/R68LmMyvtb,FALSE,0,TRUE,0,FALSE,FALSE,NA,NA
"Child: â€œWhen I grow up-â€œ#Antivax parents: https://t.co/Zox6GSmoAM",FALSE,0,FALSE,11,TRUE,FALSE,NA,NA
#antivax people are idiots. https://t.co/c9ILSP7f1E,FALSE,5,FALSE,1,FALSE,FALSE,NA,NA
#antivax is dangerous and misinformed!  If you don't vaccinate your children you are not just endangering their life you areâ€_,FALSE,0,FALSE,11,TRUE,FALSE,NA,NA
In anticipation of today's emergency alert regarding #measles resurgence due to the #antivax movement https://t.co/RX2â€_,FALSE,0,FALSE,21,TRUE,FALSE,NA,NA
"The #AntiVax movement just got much, much bigger. https://t.co/e0Ayvly5Np",FALSE,1,FALSE,3,FALSE,FALSE,NA,NA
#antivax is dangerous and misinformed!  If you don't vaccinate your children you are not just endangering their life you areâ€_,FALSE,0,FALSE,11,TRUE,FALSE,NA,NA
"Vaccine shill Paul Offit admits vaccines are ""violent."" https://t.co/owKy04EXzq #BigPharma #vaccines #antivax",FALSE,0,FALSE,104,TRUE,FALSE,NA,NA
"Vaccine shill Paul Offit admits vaccines are ""violent."" https://t.co/owKy04EXzq #BigPharma #vaccines #antivax",FALSE,0,FALSE,104,TRUE,FALSE,NA,NA
WOW! Thank you #SuperModel for joining #WonderWoman in speaking up for #vaccines &amp; fighting #antivâ€_,FALSE,0,FALSE,3,TRUE,FALSE,NA,NA
Wow the #antivax #dense #motherfuckery is strong today.,FALSE,0,FALSE,0,FALSE,FALSE,NA,NA
"This must be a joke, coming from some crazy #antivax",FALSE,0,FALSE,0,FALSE,FALSE,NA,NA
#antivax is dangerous and misinformed!  If you don't vaccinate your children you are not just endangering their life you areâ€_,FALSE,0,FALSE,11,TRUE,FALSE,NA,NA
"Getting the flu is safer than getting the flu shot, warns doctor. https://t.co/u7fg0qVfRG #flushot #vaccines #antivax",FALSE,0,FALSE,523,TRUE,FALSE,NA,NA
More good celebrity news as joins to stand up for vaccinations and stop the #antivax nonsense and misâ€_,FALSE,0,FALSE,9,TRUE,FALSE,NA,NA
"Getting the flu is safer than getting the flu shot, warns doctor. https://t.co/u7fg0qVfRG #flushot #vaccines #antivax",FALSE,0,FALSE,523,TRUE,FALSE,NA,NA
"#vaccinate #vaccines #antivax #vaccinateyourkids #antivaxxersareidiots Portland, Oregon https://t.co/Rvgc1EbBl5",FALSE,0,FALSE,0,FALSE,FALSE,NA,NA
#antivax is dangerous and misinformed!  If you don't vaccinate your children you are not just endangering their life you areâ€_,FALSE,0,FALSE,11,TRUE,FALSE,NA,NA
#antivax is dangerous and misinformed!  If you don't vaccinate your children you are not just endangering their life you areâ€_,FALSE,0,FALSE,11,TRUE,FALSE,NA,NA
In anticipation of today's emergency alert regarding #measles resurgence due to the #antivax movement https://t.co/RX2â€_,FALSE,0,FALSE,21,TRUE,FALSE,NA,NA
#antivax is dangerous and misinformed!  If you don't vaccinate your children you are not just endangering their life you areâ€_,FALSE,0,FALSE,11,TRUE,FALSE,NA,NA
#antivax is dangerous and misinformed!  If you don't vaccinate your children you are not just endangering their life you areâ€_,FALSE,0,FALSE,11,TRUE,FALSE,NA,NA
#antivax is dangerous and misinformed!  If you don't vaccinate your children you are not just endangering their lifâ€_ https://t.co/AyTaWoAG44,FALSE,42,TRUE,11,FALSE,FALSE,NA,NA
"Yesterday, my little boy did something kids with #antivax parents will never do: turn 4 years old https://t.co/IJUopkMt8o",FALSE,1,FALSE,0,FALSE,FALSE,NA,NA
"Vaccine shill Paul Offit admits vaccines are ""violent."" https://t.co/W4w0PHw0Vg #PaulOffit #vaccines #antivax",FALSE,0,FALSE,1,FALSE,FALSE,NA,NA
The Japanese government banned the HPV vaccine since 2013. #BigPharma #HPV #antivax https://t.co/cwLt1Gw4h7,FALSE,0,FALSE,134,TRUE,FALSE,NA,NA
Our favourite #antivax conspiracy theorist has now moved on from attacking Muslims to attacking transgendered peoplâ€_ https://t.co/19nM6qvGMz,FALSE,1,TRUE,0,FALSE,FALSE,NA,NA
The underlying anti-science philosophy behind the #antivax movement is nearly identical to that driving anti-#GMO aâ€_ https://t.co/7S9y75My7I,FALSE,1,TRUE,0,FALSE,FALSE,NA,NA
"Vaccine shill Paul Offit admits vaccines are ""violent."" https://t.co/owKy04EXzq #BigPharma #vaccines #antivax",FALSE,0,FALSE,104,TRUE,FALSE,NA,NA
"Vaccine shill Paul Offit admits vaccines are ""violent."" https://t.co/owKy04EXzq #BigPharma #vaccines #antivax",FALSE,0,FALSE,104,TRUE,FALSE,NA,NA
"Getting the flu is safer than getting the flu shot, warns doctor. https://t.co/u7fg0qVfRG #flushot #vaccines #antivax",FALSE,0,FALSE,523,TRUE,FALSE,NA,NA
"Vaccine shill Paul Offit admits vaccines are ""violent."" https://t.co/owKy04EXzq #BigPharma #vaccines #antivax",FALSE,0,FALSE,104,TRUE,FALSE,NA,NA
"Thank you Shrek screenwriter Terry Rossio âù_ï¸è#antivax https://t.co/Qg8IZpa439",FALSE,0,FALSE,1,TRUE,FALSE,NA,NA
"Vaccine shill Paul Offit admits vaccines are ""violent."" https://t.co/owKy04EXzq #BigPharma #vaccines #antivax",FALSE,0,FALSE,104,TRUE,FALSE,NA,NA
The Japanese government banned the HPV vaccine since 2013. #BigPharma #HPV #antivax https://t.co/cwLt1Gw4h7,FALSE,0,FALSE,134,TRUE,FALSE,NA,NA
Today on a panel with my colleagues Drs. David Gorski and Richard Pan we discussed the chaâ€_,FALSE,0,FALSE,14,TRUE,FALSE,NA,NA
"Thank you Shrek screenwriter Terry Rossio âù_ï¸è#antivax https://t.co/Qg8IZpa439",FALSE,0,FALSE,1,FALSE,FALSE,NA,NA
12-year-old girl becomes paralyzed after being injected with Gardasilâ€_ doctors say itâ€™s all in her mind. https://t.co/iHsâ€_,FALSE,0,FALSE,224,TRUE,FALSE,NA,NA
"I mean getting turned a cow is the original and frankly #antivax standards have slipped.Autism is what you get noâ€_ https://t.co/CuUQmqsJnm",FALSE,1,TRUE,0,FALSE,FALSE,NA,NA
12-year-old girl becomes paralyzed after being injected with Gardasilâ€_ doctors say itâ€™s all in her mind. https://t.co/iHsâ€_,FALSE,0,FALSE,224,TRUE,FALSE,NA,NA
The Japanese government banned the HPV vaccine since 2013. #BigPharma #HPV #antivax https://t.co/cwLt1Gw4h7,FALSE,0,FALSE,134,TRUE,FALSE,NA,NA
Loss of heard immunity puts our patients with #BloodCancers at risk. Another consequence of #antivax Measles cases areâ€_,FALSE,0,FALSE,3,TRUE,FALSE,NA,NA
Loss of heard immunity puts our patients with #BloodCancers at risk. Another consequence of #antivax Measles cases areâ€_,FALSE,0,FALSE,3,TRUE,FALSE,NA,NA
Loss of heard immunity puts our patients with #BloodCancers at risk. Another consequence of #antivax Measles cases areâ€_,FALSE,0,FALSE,3,TRUE,FALSE,NA,NA
Depopulation test run? 75% of children who received vaccines in Mexican town now dead or hospitalâ€_ https://t.co/pgw74DVBV9,FALSE,0,TRUE,0,FALSE,FALSE,NA,NA
"Microsoft mogul Bill Gates: Vaccines could lower world population. https://t.co/zyksbEqgai #BillGates #vaccinesâ€_ https://t.co/hQLh85BjSi",FALSE,0,TRUE,0,FALSE,FALSE,NA,NA
"â€˜NPE Radio &amp; Occult Health News #54: 9 Reasons Not To Give Gardasil, The HPV Vaccine, To Your Tweenâ€™ on #SoundCloudâ€_ https://t.co/XY8KDwQLlH",FALSE,1,TRUE,0,FALSE,FALSE,NA,NA
"All #vaccine research eventually leads to Bill Gates and Nazi. https://t.co/FpM8FzU6ho #eugenics #antivaxThis mâ€_ https://t.co/UcCIh9G4tV",FALSE,0,TRUE,0,FALSE,FALSE,NA,NA
"If youâ€™re convinced vaccines are safe, youâ€™re not well informedâ€_ hereâ€™s the information being witâ€_ https://t.co/WxCxDectiD",FALSE,0,TRUE,0,FALSE,FALSE,NA,NA
"Getting the flu is safer than getting the flu shot, warns doctor. https://t.co/Wbf5OJwKua #flushot #vaccines #antivax",FALSE,0,FALSE,0,FALSE,FALSE,NA,NA
RFK Jr. wins case against U.S. government for vaccine safety violations. https://t.co/1duw6OrCM7 #vaccines #antivax #RFKJr,FALSE,0,FALSE,0,FALSE,FALSE,NA,NA
Mandatory vaccination is something that Hitler would have happily pushed. https://t.co/0H08fYeXKOâ€_ https://t.co/HqmVtTlwMe,FALSE,0,TRUE,0,FALSE,FALSE,NA,NA
630 percent more â€œaerosolized flu virus particlesâ€ù emitted by people who received flu shotsâ€_ fluâ€_ https://t.co/WGSnNLa0S2,FALSE,0,TRUE,0,FALSE,FALSE,NA,NA
Four reasons to avoid the flu shot. #flushot #vaccines #antivax https://t.co/qUYMSXfmES,FALSE,0,FALSE,0,FALSE,FALSE,NA,NA
Yale study links vaccines to brain disorders. https://t.co/D0OYPi48iA #vaccines #antivax,FALSE,0,FALSE,0,FALSE,FALSE,NA,NA
"Study confirms that not only is the flu vaccine ineffective, but it increases risk of other viralâ€_ https://t.co/3UIk5Zme2z",FALSE,0,TRUE,0,FALSE,FALSE,NA,NA
BOMBSHELL science paper documents the #depopulation chemical covertly spiked into #vaccinesâ€_ https://t.co/kJTADLWlg4,FALSE,0,TRUE,0,FALSE,FALSE,NA,NA
The Truth Behind The Flu Vaccine. https://t.co/l0EG3qZbIM #vaccines #antivax #health,FALSE,0,FALSE,0,FALSE,FALSE,NA,NA
Vaccines are a WEAPON to destroy the body and mind. https://t.co/gRiDpsVHuL #vaccines #antivax #health,FALSE,0,FALSE,0,FALSE,FALSE,NA,NA
Flawed vaccination science: vaccines actually spread disease. https://t.co/1QgqizreMv #vaccines #antivax #health,FALSE,0,FALSE,0,FALSE,FALSE,NA,NA
Vaccine victims are now slowly rising up against Big Pharma. https://t.co/00jdz7K1Lw #vaccines #BigPharma #antivax,FALSE,0,FALSE,0,FALSE,FALSE,NA,NA
What do these 37 authors know about vaccines that you donâ€™t? https://t.co/FRHST3NfDh #vaccines #antivax #health,FALSE,0,FALSE,0,FALSE,FALSE,NA,NA
Document hidden by #BigPharma proves #vaccines have caused sudden death before. https://t.co/3P8UaUkw4N #health #antivax,FALSE,0,FALSE,0,FALSE,FALSE,NA,NA
The vast majority of people making regulatory decisions about #vaccines also have financial tiesâ€_ https://t.co/HCLX6OSpgW,FALSE,0,TRUE,0,FALSE,FALSE,NA,NA
Top government scientists refuse to vaccinate their children. https://t.co/c6UhhWtbwH #vaccines #antivax #health,FALSE,0,FALSE,0,FALSE,FALSE,NA,NA
The Japanese government banned the HPV vaccine since 2013. #BigPharma #HPV #antivax https://t.co/cwLt1Gw4h7,FALSE,0,FALSE,134,TRUE,FALSE,NA,NA
In Irl we have Special Needs teachers who manage those children who need 1-1 or smaller group tuitionâ€_ https://t.co/f3EFuoadis,FALSE,0,TRUE,0,FALSE,FALSE,NA,NA
"As if we needed further proof was a reprehensible scumbag, take a look at how much he profits from #antivax sentiâ€_",FALSE,0,FALSE,97,TRUE,FALSE,NA,NA
The Japanese government banned the HPV vaccine since 2013. #BigPharma #HPV #antivax https://t.co/cwLt1Gw4h7,FALSE,0,FALSE,134,TRUE,FALSE,NA,NA
More good celebrity news as joins to stand up for vaccinations and stop the #antivax nonsense and misâ€_,FALSE,0,FALSE,9,TRUE,FALSE,NA,NA
12-year-old girl becomes paralyzed after being injected with Gardasilâ€_ doctors say itâ€™s all in her mind. https://t.co/iHsâ€_,FALSE,0,FALSE,224,TRUE,FALSE,NA,NA
"Vaccine shill Paul Offit admits vaccines are ""violent."" https://t.co/owKy04EXzq #BigPharma #vaccines #antivax",FALSE,0,FALSE,104,TRUE,FALSE,NA,NA
the antidote to- #AntiVax  is FACTS https://t.co/lbWc37fUum,FALSE,1,FALSE,0,FALSE,FALSE,NA,NA
"Getting the flu is safer than getting the flu shot, warns doctor. https://t.co/u7fg0qVfRG #flushot #vaccines #antivax",FALSE,0,FALSE,523,TRUE,FALSE,NA,NA
"Why small groups of vaccine refusers can make large groups of people sick.Outbreaks happen more easily in clusters ofâ€_",FALSE,0,FALSE,20,TRUE,FALSE,NA,NA
This warped conspiracy theory is dangerous. Munchhausenâ€˜s by proxy is scarily real. Itâ€™s not only children the fall victim eiâ€_,FALSE,0,FALSE,5,TRUE,FALSE,NA,NA
"110,000 thousand deaths - hope the #antivax out there have a chance to read this. Measles resurgence 'due to vaccine hesiâ€_",FALSE,0,FALSE,1,TRUE,FALSE,NA,NA